<?xml version="1.0" encoding="UTF-8" standalone="yes"?>
<app version="1">
  <name>Space Shooter!</name>
  <coder>PaceMaker</coder>
  <version>0.3</version>
  <short_description>Shoot Stuff in Space!</short_description> 
  <long_description>
Name:
	Space Shooter
Version:
	0.2
Objective:
	Destroy the Enemies
Controls:
	Hold Wii Remote Sideways.
	Move with directional pad
	2 Button - Fire
	1 Button - Turn
	Home Button - Main Menu
Technical Details:	
	6 levels of 2D space shooter action
</long_description> 

</app>

