<?xml version="1.0" encoding="UTF-8" standalone="yes"?>
<app version="1">
  <name>YOG</name>
  <coder>PaceMaker</coder>
  <version>0.1</version>
  <short_description>YOG - Golf they way a three year old might imagine it.</short_description> 
  <long_description>
Name:
	YOG - Golf they way a three year old might imagine it.
Version:
	0.1
Objective:
	Knock the ball in the hole with Pushers (A) and Bursts (-).
	If all else fails use the Magnet (B).
	Score is incremented at the end of the level for each Pusher and Burst left.
	Score is decremented when the Magnet is used.
	There is a Score bonus for quickly knocking the ball in into the target.
Controls:
	A - Launch a Pusher.
	- - Drop a Burst.
	B - Use the magnet (costs points).
	Home Button - Main Menu
</long_description> 

</app>

