<?xml version="1.0" encoding="UTF-8" standalone="yes"?>
<app version="1">
  <name>WiiCalc</name>
  <coder>PaceMaker</coder>
  <version>0.1</version>
  <short_description>WiiCalc - the first Wii Calculator.</short_description> 
  <long_description>
Name:
	WiiCalc.
Version:
	0.1
Objective:
	Calculate.
	Point at the buttons with the Wii Remote and use (A) to select the button.
	Can you find the two easter eggs?
Controls:
	A - Push the buttons.
	Home Button - Return to Loader
</long_description> 

</app>

